{
	"tyres overheating": "_Assuming pressures are correct._\n**Do only one modification at a time**\nFrom more to less influence.\n- Driving style is the most important factor\n- Open brake ducts (higher numbers)\n- Less negative camber\n- Less toe\n- 2 clicks softer fast dampers\n- 2 clicks softer slow dampers\n- Higher ABS and TC levels",

	"tyres cold": "Assuming pressures are correct.\n**Do only one modification at a time**\nFrom more to less influence.\n- Close brake ducts (lower numbers)\n- More negative camber\n- More toe\n- 2 clicks stiffer fast dampers\n- 2 clicks stiffer slow dampers\n- Lower ABS and TC levels",

	"tyre pressures": "Here are the ideal tyre pressures range.\nAll GT3 dry slicks: 27.4-28.0 psi\nAll GT3 wet tyres: 29.5-30.5 psi\n\nAll GT4 dry slicks: 26.5-27.5 psi\nAll GT4 wet tyres: 29.5-30.5 psi\n\nObviously depending on the situations and conditions you might find better handling and performance even if you go outside the proposed pressure ranges, but it is a good idea to stay in between initially.",
	
	"brake pads": "Brake pads and brake discs wear is relative to the brake pad choice, temperatures, driving style, ABS and brake bias usage. Brake disc and pad wear is shown at the end of each driving session, when you return to your strategy setup UI on the \"last readings\" box.\n\nAdditionally brake pads consumption will appear as a red dot in the center of the brake discs heat visualisation in the tyre and brakes HUD, when brake pads are under 10mm thickness.\n\n**Pad 1**: Very aggressive friction coefficient, max braking performance, aggressive disc and pad wear. Pedal modulation can be tricky if out of temperature or as it wears down. Use in hotlap and qualifying sessions, sprint races and can withstand 3 hours races. Risky and dangerous to use over 3 or 4 hours because the pads will wear down, overheat and lose linearity in brake pedal feel.\n\n**Pad 2**: Very Good friction coefficient, very good braking performance, good disc and pad wear. Pedal modulation almost always good and linear, good feedback while overheating and gradual wear. Perfect for endurance racing, but can also be used in hotlap , qualifying sessions as well as sprint races as what it loses in performance, regains in braking modulation and predictability. The default choice for long endurance races, easily makes 12 hours and can make 24 hours race too with a bit of care. Will also overheat and lose linearity in brake pedal feel when worn out, but in a more predictable way and after much longer stints. Because of the lower friction, you could possibly use smaller brake ducts.\n\n**Pad 3**: Moderate friction coefficient, braking zones can be longer in dry, very moderate disc and pad wear. Excellent pedal modulation also in cold ambient conditions, very linear pedal feedback. Excellent choice for wet conditions and very long endurance races. Very predictable and easy to modulate brake pad.\n\n**Pad 4**: Identical to pad1 but with exaggerated wear for fade demonstration purposes.",
	
	"understeer high speed entry" : "Assuming pressures are correct.\n**Do only one modification at a time**\nFrom more to less influence.\n- 1mm lower front ride height\n- 1 click lower rear wing\n- 2mm higher rear height\n- 1 click higher front bumpstop range\n- 1 click lower front bumpstop rate\n- Less front braking balance\n- Less preload\n*Generic*:\n- More front negative camber\n- Less rear negative camber\n- Less rear toe",

	"understeer high speed apex" : "Assuming pressures are correct.\n**Do only one modification at a time**\nFrom more to less influence.\n- 1mm lower front ride height\n- 1 click lower rear wing\n- 2mm higher rear height\n- 1 click higher front bumpstop range\n- 1 click lower front bumpstop rate\n- Less preload\n*Generic*:\n- More front negative camber\n- Less rear negative camber\n- Less rear toe",

	"understeer high speed exit" : "Assuming pressures are correct.\n**Do only one modification at a time**\nFrom more to less influence.\n- 1mm lower front ride height\n- 1 click lower rear wing\n- 2mm higher rear height\n- Lower rear bumpstop range to 15 and then lower slowly from there and check results (advice to keep rear bumpstop rate as low as possible)\n- 1 click higher front bumpstop range\n- 1 click lower front bumpstop rate\n- Less Traction Control\n- Less preload\n*Generic*:\n- More front negative camber\n- Less rear negative camber\n- Less rear toe",

	"understeer low speed entry" : "Assuming pressures are correct.\n**Do only one modification at a time**\nFrom more to less influence.\n- Less front braking balance\n- 1 click higher front bumpstop range\n- 1 click lower front bumpstop rate\n- 1 click lower front wheel rate\n- 1 click lower front antiroll bar\n- 1mm lower front ride height\n- 2mm higher rear height\n- Less preload\n*Generic*:\n- More front negative camber\n- Less rear negative camber\n- Less rear toe",

	"understeer low speed apex" : "Assuming pressures are correct.\n**Do only one modification at a time.**\nFrom more to less influence.\n- 1 click higher front bumpstop range\n- 1 click lower front bumpstop rate\n- 1 click lower front wheel rate\n- 1 click lower front antiroll bar\n- 1mm lower front ride height\n- 2mm higher rear height\n- Less preload\n*Generic*:\n- More front negative camber\n- Less rear negative camber\n- Less rear toe",

	"understeer low speed exit" : "Assuming pressures are correct.\n**Do only one modification at a time.**\nFrom more to less influence.\n- 1 click higher front bumpstop range\n- 1 click lower front bumpstop rate\n- Less Traction Control\n- 1 click lower front wheel rate\n- 1 click lower front antiroll bar\n- 1 click higher rear antiroll bar\n- 1mm lower front ride height\n- 2mm higher rear height\n- More preload\n*Generic*:\n- More front negative camber\n- Less rear negative camber\n- Less rear toe",

	"oversteer high speed entry" : "Assuming pressures are correct.\n**Do only one modification at a time**\nFrom more to less influence.\n- 1 click higher rear wing\n- 1mm higher front ride height\n- 2mm lower rear height\n- 1 click lower front bumpstop range\n- 1 click higher front bumpstop rate\n- More front braking balance\n- More preload\n*Generic*:\n- Less front negative camber\n- More rear negative camber\n- More rear toe",

	"oversteer high speed apex" : "Assuming pressures are correct.\n**Do only one modification at a time**\nFrom more to less influence.\n- 1 click higher rear wing\n- 1mm higher front ride height\n- 2mm lower rear height\n- 1 click lower front bumpstop range\n- 1 click higher front bumpstop rate\n- More preload\nGeneric:\n- Less front negative camber\n- More rear negative camber\n- More rear toe",

	"oversteer high speed exit": "Assuming pressures are correct.\n**Do only one modification at a time**\nFrom more to less influence.\n- 1 click higher rear wing\n- 2mm lower rear height\n- 1mm higher front ride height\n- 1 click lower front bumpstop range\n- 1 click higher front bumpstop rate\n*Generic*:\n- Less front negative camber\n- More rear toe",

	"oversteer low speed entry": "Assuming pressures are correct.\n**Do only one modification at a time**\nFrom more to less influence.\n- More front braking balance\n- 1 click lower front bumpstop range\n- 1 click higher front bumpstop rate\n- 1 click higher front wheel rate\n- 2mm lower rear height\n- 1 click higher front antiroll bar\n- 1mm higher front ride height\n- More preload\n*Generic*:\n- Less front negative camber\n- More rear negative camber\n- More rear toe",

	"oversteer low speed apex": "Assuming pressures are correct.\n**Do only one modification at a time**\nFrom more to less influence.\n- 1 click higher front wheel rate\n- 2mm lower rear height\n- 1 click higher front antiroll bar\n- 1mm higher front ride height\n- 1 click lower front bumpstop range\n- 1 click higher front bumpstop rate\n- More preload\n*Generic*:\n- Less front negative camber\n- More rear negative camber\n- More rear toe",

	"oversteer low speed exit": "Assuming pressures are correct.\n**Do only one modification at a time**\nFrom more to less influence.\n- Higher TC level\n- Max rear bumpstop range (avoid touching the bumpstops under acceleration)\n- 2mm lower rear height\n- 1 click higher front wheel rate\n- 1 click higher front antiroll bar\n- 1mm higher front ride height\n- 1 click lower front bumpstop range\n- 1 click higher front bumpstop rate\n- Less preload\n*Generic*:\n- Less front negative camber\n- More rear toe",

	"car bounces on kerbs/bumps": "**Assuming pressures are correct.**\n*Do only one modification at a time*\nFrom more to less influence.\n- 2 click higher front bumpstop range\n- 2 click lower front bumpstop rate\n- 1 click lower front antiroll bar\n- 1 click lower rear antiroll bar\n- Adjust fast bump and rebound dampers.\n\nThere is no easy way to give a rule of thumb.\nNormally you should use a soft fast bump and a bit higher fast rebound. But if your suspension is stiff, you might see that the lower you go the worse it gets. If that’s the case you need to raise fast bump to a much higher value(stiffer) and then fine tune again.\n\nThis happens because you need to control how much energy the spring absorbs from hitting a kerb (bump). All this energy needs to be released (rebound). If your damper is too soft, it will permit the spring to accumulate too much energy and you won’t be able to control it (jump).\nAlso… because dampers are magic.",
	
	"high speed over/under": "When the car changes from under to oversteer on mid to high speed pedal work, try the following:\n\nAssuming pressures are correct.\n**Do only one modification at a time**\nFrom more to less influence.\n- 1 clicks stiffer (higher numbers) wheel rates all around\n- 1 click lower front bumpstop range\n- 2 clicks stiffer slow dampers all around\n- 1 click higher rear wing",

	"low speed over/under": "When the car changes from under to oversteer on mid to low speed pedal work, try the following:\n\nAssuming pressures are correct.\n**Do only one modification at a time**\nFrom more to less influence.\n- 1 click stiffer (higher numbers) front wheel rates\n- 1 clicks softer (lower numbers) slow dampers all around\n- 2mm lower rear ride height",

	"help": "You can currently use the following terms to receive advice:\n\n**Understeer**\nundersteer high speed entry\nundersteer high speed apex\nundersteer high speed exit\nundersteer low speed entry\nundersteer low speed apex\nundersteer low speed exit\n\n**Oversteer**\noversteer high speed entry\noversteer high speed apex\noversteer high speed exit\noversteer low speed entry\noversteer low speed apex\noversteer low speed exit\n\n**General handling**\ncar bounces on kerbs/bumps\nhigh speed over/under\nlow speed over/under\n\n**Tyres**\ntyre pressures\ntyres overheating\ntyres cold\n\n**Brakes**\nbrake pads"
}